union_file_number,relation_count,total_workers,states,union_names,employers,earliest_notice,latest_notice,olms_lookup_url
26025,29,2144,"NJ, NY",AIT/NPW-223 | AITNWA-223 | Amalgamated Industrial Toy & Novelty Workers of America-223 | Amalgamated Production & Service Employees AFL-CIO 22,"A & E Stores - Bolton's | All Transit, LLC | Atlantic Maintenance Corp | Cargo Airport Services | Contract Pharmacal Corporation | Dayton Industries Inc. | Decorative Novelty Inc. | Goldberger Doll Manufacturing  | Green Acres Farms Inc. | Hunter Ambulette and Ambulance Inc. | IBS Services Group The | La Mark Plastics | Mercury Plastics Corporation | Metal Improvement Company Inc. | Multiline Technology Inc. | O K Petroleum | POP Displays USA, LLC | Primary One LLC | Queens Boulevard Extended Care Facility | Scent Sation Inc. | Scent Station Inc. | Special K .Enterprise LLC | SPX Precision Components | Steel Electric Products Inc. | Streamline Plastics Co Inc. | Ulano Corporation | Vision Screening Inc. | Woodro Deli",2010-10-04,2017-06-26,https://olmsapps.dol.gov/query/orgReport.do?rptId=&rptForm=&fileNum=26025
26087,2,1249,TX,UFCW-408 | UFCW-455,American National Insurance Company | Maximus Coffee Group,2010-01-18,2012-07-30,https://olmsapps.dol.gov/query/orgReport.do?rptId=&rptForm=&fileNum=26087
47349,101,1158,"FL, IL, IN, KY, MI, MO, OH, PA, TN, VA, WV","GCC / IBT-508-M | GCC IBT-508M | GCC/IBT-508-*M | GCC/IBT-508-M | GCC/IBT-508M | GCC/IBT 25-M | GCC/IBT 508-M | GCC/IBT DC3-508M | Graphic Communications Conference of the International Brotherhood of Teamsters 25-M | Graphic Communications Conference/International Brotherhood of Teamsters 25-M | IAMAW-162 | International Brotherhood of Teamsters  | PPPWU District Council 3 25-M | Printing Packaging and Production Works Union of North America 25-M | Printing Packaging and Production Works Union of North America District Council 3 Local 25M | United Food & Commercial Workers 75 | United Steel, Paper & Forestry, Rubber, Manufacturing, Energy, Allied Industrial & Service Workers International Union 498","A-Printed Impressions | Advocate, The Newark | American Church | American Made Graphics | Aspen Lear Printing, Inc. | Beach Company | Bogen Law Group, P.A. | Bridges Sportswear & Ad Specialities | Buckles and More LLC | Calmar Company | Capitol Square Printing | Cincinnati Enquirer | City Printing | Commercial Decal Inc. of Ohio | Commerical Decal of Ohio | Court Index Press, Inc. | Crabro Printing Inc | Crager's Ink, Inc. | Cubbison Company | Cubbison Product Identification Co. | Dayton Daily News | Docupros Inc | Double B Printing dba Minuteman Press | Double B Printing/dba Minuteman Press | Extrapro Print & Graphics | eZ Screen Printing | Fleet Graphics | Funkey Law Offices P.C. | Grass Roots Strategies, LLC | Hennegan Company | High-Craft Printing | Independent (The Ashland) | Independent, (The Ashland) | Indigo Creative Communications | Joseph Berning Printing | Joyce Printing | Lanz Printing | Leader Printing Company | M & M Promotions | Miller Printing | Minuteman Colerain | Minuteman Press (Colerain) | Minuteman Press (Kenwood) | Minuteman Press of Dayton | MPB Print & Sign Superstore (Tri-State Printing) | National Church Solutions | National Church Supply | New Castle News dba/West Penn Printing | Newark Leader Printing Company | Novelty Advertising Company | Ohio State University | Ohio State University Printing | Otto Printing Inc. | Paper Products Company | PAPER PRODUCTS COMPANY | Patio Print & Promotions Company | PCS Signs Group, dba PC Signs | Peerless Printing | Printing Express | Printing Service Company ( Bindery Units, Litho) | Printing Service Company (Bindery) | Printing Service Company (Litho) | Rhodes & Hammer Printing | Rhodes & Hammers Printing | Schawk | Schawk USA Inc. | Silgan Dispensing Systems | Skinner Company | SMITH GRAPHICS | Sonoco | Spectrum  Printing | Stevenson Color Company | Stevenson The Color Company | Strathmore Press | T & W Printing | T&W Printing | TechneGraphics | The Beach Company | The New Castle News | The Vindicator Printing Company | The Watkins Printing Company | The Watkins Printing Company (Press and Bindery) | Toledo Ticket | Tri-State Printing | Tri-State Printing Company | Tribune Quality Printing | Underground Sports Shop | Vindicator | Vizual Express | Watkins Printing Company | WESTROCK SERVICES, INC.",2010-03-10,2021-05-03,https://olmsapps.dol.gov/query/orgReport.do?rptId=&rptForm=&fileNum=47349
3775,1,1100,PA,SPFPA Region 4,Allied Universal Services,2018-07-06,2018-07-06,https://olmsapps.dol.gov/query/orgReport.do?rptId=&rptForm=&fileNum=3775
9337,1,968,NY,Amalgamated Production & Service Employees AFL-CIO 22,Contract Pharmacal Corporation,2019-11-27,2019-11-27,https://olmsapps.dol.gov/query/orgReport.do?rptId=&rptForm=&fileNum=9337
542767,1,900,MI,UWUA-532,Port Huron Housing Commission,2011-06-07,2011-06-07,https://olmsapps.dol.gov/query/orgReport.do?rptId=&rptForm=&fileNum=542767
541278,1,750,GA,WU-2295,HMS Host,2010-01-20,2010-01-20,https://olmsapps.dol.gov/query/orgReport.do?rptId=&rptForm=&fileNum=541278
26220,1,700,NY,Workers United 25,Delaware North,2019-10-25,2019-10-25,https://olmsapps.dol.gov/query/orgReport.do?rptId=&rptForm=&fileNum=26220
517317,2,650,"MN, OR",American Federation Of State City & Municipal Employees 97 | American Federation Of State City & Municipal Employees Local 0105-0097,Crossroads Care Center | Hillsboro Medical Center,2023-07-03,2025-01-31,https://olmsapps.dol.gov/query/orgReport.do?rptId=&rptForm=&fileNum=517317
43723,1,610,CA,UFCW-110C,Bodega Latina Corportation d/b/a El Super,2013-07-26,2013-07-26,https://olmsapps.dol.gov/query/orgReport.do?rptId=&rptForm=&fileNum=43723
28564,49,518,"IN, KY, MI, OH, TN, WV",CWA-1 | GCC/IBT-546M | GCC/IBT 25-M | GCC/IBT 546-M | Graphic Communications Conference of the International Brotherhood of Teamsters 25-M | Graphic Communications Conference/International Brotherhood of Teamsters 25-M | PPPWU District Council 3 25-M | Printing Packaging and Production Works Union of North America 25-M | Printing Packaging and Production Works Union of North America 25M | Printing Packaging and Production Works Union of North America District Council 3 Local 25M,"Able Quality Printing | Amazing Signs and Banners | American Printing Inc. | Avery Dennison | Beacon Journal Publishing Co | BJW Printing & Office Supplies | Brothers Printing Company Inc. | Burkert-Walton | C.S.Q.P. Quick Printing | Cuyahoga County Print Shop | Daily Legal News | Dansizen Printing Company | Davis Printing | Derby Printing Company | East Coast Tee's | Foote Printing | Gannett Publishing Services | Grace By Design | Hotcards.com | Ink It Press | Johnson Printing Company | Lago's Logos | Lake Screen Printing | Lorain Quickprint | Marynells Commercial Printing | Oak Printing Company | Oak Printing Company (Bindery) | PPI Graphics | Printing Partners | Scaggs Printing Company | Schaefer Printing Co. | Sledgehammer Printing | Slutzker's Quickprint Center | South End Printing | Suburban Press, Inc. | The Canton Repository | The City of Warrensville Heights | The Columbus Dispatch | The Knoxville News Sentinel Company | The Plain Dealer | The Printing Depot, Inc. | The Repository | Trent Printing Company, Inc. | Ultimate Printing | Unlimited Graphics, Inc. | Velocity Direct, LLC. | West Virginia Newspaper Publishing Company | William Exline, Inc. | Zippity Print, LLC",2010-09-15,2019-04-01,https://olmsapps.dol.gov/query/orgReport.do?rptId=&rptForm=&fileNum=28564
1923,4,516,MA,IBT-379 | International Brotherhood of Teamsters 404,BFI Allied Waste | Bradco Supply Corporation | Joseph T Ryerson & Son Inc. | Waste Management,2010-01-18,2011-05-31,https://olmsapps.dol.gov/query/orgReport.do?rptId=&rptForm=&fileNum=1923
23385,2,461,"GA, OH","United Steel, Paper & Forestry, Rubber, Manufacturing, Energy, Allied Industrial & Service Workers International Union 244M | United Steel, Paper & Forestry, Rubber, Manufacturing, Energy, Allied Industrial & Service Workers International Union 251M**",Owens Corning Corp. | Owens Corning Corporation,2012-01-20,2017-12-07,https://olmsapps.dol.gov/query/orgReport.do?rptId=&rptForm=&fileNum=23385
7760,4,459,CA,SEIU-250 | Service Employees International Union-United Healthcare Workers 2005 ,Lifehouse Health Services | Watsonville Community Hospital | West Hills Hospital and Medical Center HCA | Westview Health Care Center ,2010-01-18,2013-05-02,https://olmsapps.dol.gov/query/orgReport.do?rptId=&rptForm=&fileNum=7760
7096,6,385,MI,GCC/IBT-507-S | GCC/IBT 25-M | GCC/IBT 507-S,"Evergreen Packaging | Evergreen Packaging Group | JB Printing | RJ's Printing & Advertising | Stewart-Sutherland, Inc. | Stewart Sutherland Inc",2010-05-04,2022-08-01,https://olmsapps.dol.gov/query/orgReport.do?rptId=&rptForm=&fileNum=7096
29595,1,365,CA,International Association of Machinists & Aerospace Workers 1101,Northrop Grumman Corporation,2012-06-11,2012-06-11,https://olmsapps.dol.gov/query/orgReport.do?rptId=&rptForm=&fileNum=29595
508720,2,341,MI,"UAW-1976 | United Automobile, Aerospace, & Agricultural Implement Workers of America 1976",Eastern Michigan University | EMU,2012-04-13,2022-02-28,https://olmsapps.dol.gov/query/orgReport.do?rptId=&rptForm=&fileNum=508720
59976,2,334,MN,Minnesota Nurses Association ,Essentia Health | Essentia Health - Virginia,2013-10-04,2017-10-02,https://olmsapps.dol.gov/query/orgReport.do?rptId=&rptForm=&fileNum=59976
58551,20,328,"GA, NY, OH, PA",Service Employees International Union Healthcare HCII | UMWA-2 | UMWA 2 | UMWA District 2 | United Mine Workers of America 6989 | United Mine Workers of America Local 4826,"Albert Gallatin Municipal Authority | Center Township, Butler County PA | County of Fayette | Golden Living Center | HealthCare Services Group | Homer City Coal Processing Corporation | International Converter | Jeddo Coal Company | Mount Aloysius Corp | Oakland Township/Butler County | Platinum Health Services/Healthcare Services Group, Inc. | Remington Arms Company Inc. | Royal Hydraulic Service & Manufacturing, Inc. | Sandvik Mining and Construction LLC | Sandvik Mining and Construction USA LLC | Shane Felter Industries | The County of Clarion - Court Appointed Employees | The County of Elk | Veolia Es Solid Waste of PA",2010-10-07,2020-09-01,https://olmsapps.dol.gov/query/orgReport.do?rptId=&rptForm=&fileNum=58551
512199,10,301,"IL, IN, KY",GCC/IBT-571-M | GCC/IBT-571M | GCC/IBT 25-M | GCC/IBT 508-M | GCC/IBT District Council 3-571-M,American Advertising | Burkert-Walton | Chesapeake Corp | Chesapeake Pharmaceutical Packaging LLC | Clondalkin | Clondalkin Pharma & Healthcare | Evansville Courier Company | Funkey Law Offices P.C. | Marynells Commercial Printing,2010-04-01,2014-07-01,https://olmsapps.dol.gov/query/orgReport.do?rptId=&rptForm=&fileNum=512199
507513,1,300,WV,United Association of Journeymen & Apprentices of the Plumbing & Pipe Fitting Industry of the United States & Canada AFL-CIO 565,Parkersburg Marietta Contractors Association,2023-01-24,2023-01-24,https://olmsapps.dol.gov/query/orgReport.do?rptId=&rptForm=&fileNum=507513
41097,6,293,MI,GCC/IBT-555S | GCC/IBT 555-S | Graphic Communications Conference of the International Brotherhood of Teamsters 25-M | Printing Packaging and Production Works Union of North America 25-M,Caraustar Custom Packaging | Grand Rapids Label Company | Graphic Packaging (Was Caraustar) | Ideal Printing | Ideal Printing c/o Custom Printers | Swift Printing Company,2013-10-01,2021-10-04,https://olmsapps.dol.gov/query/orgReport.do?rptId=&rptForm=&fileNum=41097
528343,15,270,"ID, KY, VA, WV",GCC / IBT-619-M | GCC/IBT-619-M | GCC/IBT 25-M | GCC/IBT 546-M | Graphic Communications Conference/International Brotherhood of Teamsters 25-M | Printing Packaging and Production Works Union of North America District Council 3 Local 25M | Teamsters (Phoenix Mailers) 752 | United Food & Commercial Workers 227,"Beckley Newspaper | BJW Printing & Office Supplies | Derby Printing Company | East Coast Tee's | Gannett Publishing Services | Gnadinger Printing Co. | Herald Dispatch | Johnson Printing Company | Multi Packaging Solutions (old Ivy Hill) | Post Register Company | Print Graphics | Scaggs Printing Company | Unlimited Graphics, Inc. | USA Union Pro",2010-02-04,2017-08-08,https://olmsapps.dol.gov/query/orgReport.do?rptId=&rptForm=&fileNum=528343
45784,7,258,"OR, PA, WA","Glass, Molders, Pottery, Plastics & Allied Workers-139B | Glass, Molders, Pottery, Plastics & Allied Workers International Union 139B | GMP-139B | United Steel, Paper & Forestry, Rubber, Manufacturing, Energy, Allied Industrial & Service Workers International Union 171-07 | United Steelworkers 12-0039B-03 | United Steelworkers International Union 139B-02 | USW ","Columbia Steel Casting Company, Inc. | Continuous Casting Co, Inc. | Continuous Casting Company, Inc. | Macadam Aluminum & Bronze Company | Olympian Precast | Roemer Electric Steel Foundry | Vancouver Iron & Steel",2010-02-22,2017-11-17,https://olmsapps.dol.gov/query/orgReport.do?rptId=&rptForm=&fileNum=45784
541191,2,255,ME,MESNA/CNA/NNOC-7631 | MESNA/NNU-7631,The Aroostock Medical Center | The Aroostook Medical Center,2010-04-01,2012-07-16,https://olmsapps.dol.gov/query/orgReport.do?rptId=&rptForm=&fileNum=541191
529091,1,247,CA,San Diego Emergency Medical Services Association ,American Medical Response,2010-01-18,2010-01-18,https://olmsapps.dol.gov/query/orgReport.do?rptId=&rptForm=&fileNum=529091
24908,1,225,KY,USW-1009 ,Philips Lighting Company,2010-11-05,2010-11-05,https://olmsapps.dol.gov/query/orgReport.do?rptId=&rptForm=&fileNum=24908
542380,5,220,"IN, OH, VA",GCC/IBT-128-N | GCC/IBT 25-M | Indianapolis Newspaper Guild-CWA 34070,"Dayton Newspapers, Inc. | Dayton Newspaprer, Inc | Gannett Publishing Services - IN | Indianapolis Newspaper Inc. | Indianapolis Star",2010-12-08,2017-01-03,https://olmsapps.dol.gov/query/orgReport.do?rptId=&rptForm=&fileNum=542380
38458,20,211,"MN, WI",Christian Labor Assocaition 84 | Christian Labor Association-84 | Christian Labor Association 84 | CLA/UCW-84 | UCW-84 | United Construction Workers-84,"A-1 Materials Inc. | A-1 Transport, Inc. | Ahrens Heating, Inc. | Arnold & Madson, Inc. | Avon Electric Services, Inc. | Bowman Sheet Metal Heating & AC Inc. | Brothers Fire Protection Co. | Bute's Inc. d/b/a Jeff's Electric | Cold Spring Electric Services Inc. | Design Electric Inc. | Energy Economics, Inc. | Gag Sheet Metal Inc. | Jesok Electric Inc. | Klein Electric Inc. | LaBelle Plumbing, Inc. | Olson & Sons Electric Inc. (OSE) | Porwoll Electric Inc. | Royalton Heating and Cooling, Inc. | Schloeder Electric Inc. | Wachholz Masonry, Inc.",2010-01-11,2012-03-09,https://olmsapps.dol.gov/query/orgReport.do?rptId=&rptForm=&fileNum=38458
543804,1,184,IL,International Brotherhood of Electrical Workers 9,City of Naperville,2011-04-07,2011-04-07,https://olmsapps.dol.gov/query/orgReport.do?rptId=&rptForm=&fileNum=543804
22204,1,181,OH,International Association of Machinists & Aerospace Workers 1285,"Gradall Industries, Inc.",2013-12-15,2013-12-15,https://olmsapps.dol.gov/query/orgReport.do?rptId=&rptForm=&fileNum=22204
40200,1,172,PA,IBT-312,21st Media Newspapers,2013-02-25,2013-02-25,https://olmsapps.dol.gov/query/orgReport.do?rptId=&rptForm=&fileNum=40200
29217,2,171,"MN, WI","International Association of Machinists & Aerospace Workers District 77, Local 1956 | UAW-1271",The Toro Company,2011-08-10,2017-08-25,https://olmsapps.dol.gov/query/orgReport.do?rptId=&rptForm=&fileNum=29217
9070,2,166,MN,International Brotherhood of Teamsters 970 | NCFO District of Local 32BJ/SEIU -Chapter 939,GAF   | Sappi Fine Paper,2011-12-28,2021-02-01,https://olmsapps.dol.gov/query/orgReport.do?rptId=&rptForm=&fileNum=9070
40875,3,165,PA,"United Steel, Paper & Forestry, Rubber, Manufacturing, Energy, Allied Industrial & Service Workers International Union AFL-CIO 238B-00 | United Steel, Paper & Forestry, Rubber, Manufacturing, Energy, Allied Industrial & Service Workers International Union AFL-CIO District 10, Local 238B-01",Boyertown Foundry Company | Kingsley Group LLC,2013-12-11,2017-11-20,https://olmsapps.dol.gov/query/orgReport.do?rptId=&rptForm=&fileNum=40875
18259,3,159,MO,International Union of Operating Engineers - Local 513 Local 513 | LIUNA-718 | Missouri & Kansas Laborers' District Council ,"BUSSEN QUARRIES INC. | D & S Fencing Co Inc | Fred Weber, Inc.",2010-12-20,2012-01-30,https://olmsapps.dol.gov/query/orgReport.do?rptId=&rptForm=&fileNum=18259
54269,1,150,NY,International Association of Machinists & Aerospace Workers 2105,"Monofrax, LLC",2014-07-30,2014-07-30,https://olmsapps.dol.gov/query/orgReport.do?rptId=&rptForm=&fileNum=54269
62521,1,148,CO,IAFHIAW-28,Heat & Frost Insulators-Colorado,2011-05-25,2011-05-25,https://olmsapps.dol.gov/query/orgReport.do?rptId=&rptForm=&fileNum=62521
529125,1,143,ME,MESNA Local,Maine Coast Memorial Hospital,2010-02-01,2010-02-01,https://olmsapps.dol.gov/query/orgReport.do?rptId=&rptForm=&fileNum=529125
542265,1,142,OH,OAPSE/AFSCME-146,Akron Summit Community Action Inc,2010-11-08,2010-11-08,https://olmsapps.dol.gov/query/orgReport.do?rptId=&rptForm=&fileNum=542265
67986,3,135,"HI, PA",SEIU-556,Department of the Air Force | Department of the Army(US Army Community Family Support Center) | U.S. Department of Defense,2010-01-18,2017-05-01,https://olmsapps.dol.gov/query/orgReport.do?rptId=&rptForm=&fileNum=67986
9619,2,126,"MA, NY","BBF -5 Zone 175 | International Brotherhood of Boilermakers, Iron Ship Builders, Blacksmiths, Forgers & Helpers 5-Zone 7",Fulton Boiler Works Inc | Northeastern States Boilermaker Employers,2012-10-21,2024-10-09,https://olmsapps.dol.gov/query/orgReport.do?rptId=&rptForm=&fileNum=9619
16660,1,115,NJ,International Brotherhood of Teamsters 449,"Avis Rent A Car System, Inc.",2010-10-27,2010-10-27,https://olmsapps.dol.gov/query/orgReport.do?rptId=&rptForm=&fileNum=16660
6375,1,115,IL,IBT-714,Med Star Medicar,2010-01-18,2010-01-18,https://olmsapps.dol.gov/query/orgReport.do?rptId=&rptForm=&fileNum=6375
512824,1,114,IL,"United Steel, Paper & Forestry, Rubber, Manufacturing, Energy, Allied Industrial & Service Workers International Union ",Gerresheimer Glass Inc,2013-01-31,2013-01-31,https://olmsapps.dol.gov/query/orgReport.do?rptId=&rptForm=&fileNum=512824
41187,2,113,"MI, NJ",IBT-470,U S Foodservice | Weinstein Supply Company,2010-01-18,2010-01-18,https://olmsapps.dol.gov/query/orgReport.do?rptId=&rptForm=&fileNum=41187
59972,1,110,VA,UBC-2514,CHESAPEAKE HARDWOOD PRODUCTS INC,2010-01-18,2010-01-18,https://olmsapps.dol.gov/query/orgReport.do?rptId=&rptForm=&fileNum=59972
518030,1,110,NJ,USW-299,Five Star Parking,2010-01-18,2010-01-18,https://olmsapps.dol.gov/query/orgReport.do?rptId=&rptForm=&fileNum=518030
543901,1,108,IL,ATU-1561,Pace Suburban Bus Company,2010-03-31,2010-03-31,https://olmsapps.dol.gov/query/orgReport.do?rptId=&rptForm=&fileNum=543901
4988,5,108,"CA, MD, PA",GCC/IBT District Council 9 329-C | York Printing and Graphics Communication Union-329-C | YP&GCU-329C,Cumberland Times News | Maple Press Book Manufacturers | Maple Press Company | York Newspaper Company,2013-06-13,2021-05-18,https://olmsapps.dol.gov/query/orgReport.do?rptId=&rptForm=&fileNum=4988
18960,3,106,CA,IAM&AW 1414 | IBT-490 | Teamsters 665,"Shamrock Materials, Inc. | Super Store Industries | Syar Industries",2010-01-18,2010-01-18,https://olmsapps.dol.gov/query/orgReport.do?rptId=&rptForm=&fileNum=18960
29593,1,102,CA,International Association of Machinists & Aerospace Workers 1101,Northrop Grumman Corporation,2012-06-11,2012-06-11,https://olmsapps.dol.gov/query/orgReport.do?rptId=&rptForm=&fileNum=29593
516033,1,100,PA,American Federation Of State City & Municipal Employees 92,Squirrel Hill Wellness and Rehabilitation...,2024-06-24,2024-06-24,https://olmsapps.dol.gov/query/orgReport.do?rptId=&rptForm=&fileNum=516033
26360,1,100,NE,Amalgamated Transit Union 1293,StarTran Transportation Service,2023-12-15,2023-12-15,https://olmsapps.dol.gov/query/orgReport.do?rptId=&rptForm=&fileNum=26360
526924,1,100,TX,"United Steel, Paper & Forestry, Rubber, Manufacturing, Energy, Allied Industrial & Service Workers International Union ",TransCanada ,2022-09-12,2022-09-12,https://olmsapps.dol.gov/query/orgReport.do?rptId=&rptForm=&fileNum=526924
515963,1,100,IL,SEIU-880,Help at Home (2) Chicago IL & Vicinity,2010-01-18,2010-01-18,https://olmsapps.dol.gov/query/orgReport.do?rptId=&rptForm=&fileNum=515963
516629,1,98,CA,SEIU-707,North Coast Opportunities Inc,2010-01-18,2010-01-18,https://olmsapps.dol.gov/query/orgReport.do?rptId=&rptForm=&fileNum=516629
5950,1,98,OH,IBT-239,"HTD Engineered Technologies Systems, Inc",2010-07-13,2010-07-13,https://olmsapps.dol.gov/query/orgReport.do?rptId=&rptForm=&fileNum=5950
4057,8,95,NY,International Brotherhood of Teamsters 282 | JATI/UPPW-175 | LIUNA-1018,AAH Construction Corporation | Carullo Construction Corp | Granite Construction | Green Gold Development Corporation | Nico Asphalt Paving Inc. | River Avenue Contracting Corporation | Tri Messine Construction Co | TULLY CONSTRUCTION CO INC (NS),2010-01-18,2010-01-18,https://olmsapps.dol.gov/query/orgReport.do?rptId=&rptForm=&fileNum=4057
540218,2,93,"GA, NY",LIUNA-550,Cintas Corporation | E C London,2010-01-18,2010-06-02,https://olmsapps.dol.gov/query/orgReport.do?rptId=&rptForm=&fileNum=540218
52404,2,92,TN,Memphis Mailers-119 | Memphis Mailers Union-119,Memphis Publishing Company,2012-03-15,2013-05-31,https://olmsapps.dol.gov/query/orgReport.do?rptId=&rptForm=&fileNum=52404
56820,1,91,OH,"United Steel, Paper & Forestry, Rubber, Manufacturing, Energy, Allied Industrial & Service Workers International Union 1250",Graphic Packaging,2010-08-06,2010-08-06,https://olmsapps.dol.gov/query/orgReport.do?rptId=&rptForm=&fileNum=56820
6738,2,91,"CA, CT","Connecticut Health Care Associates 75 | Western States Regional Joint Board, Workers United 75",Milford Hospital | Mission Linen Supply Salinas 300,2019-02-28,2021-02-04,https://olmsapps.dol.gov/query/orgReport.do?rptId=&rptForm=&fileNum=6738
511754,3,84,NY,Laborers International Union of North America 60 | SHOPMEN IRON WORKERS 824 | Shopmens Iron Workers 824,"ELDERLEE  INCORPORATED | Titan Steel Corporation | TITCHENER IRON WORKS, INC.",2013-06-16,2014-05-05,https://olmsapps.dol.gov/query/orgReport.do?rptId=&rptForm=&fileNum=511754
540479,1,82,ME,National Nurses Organizing Committee/National Nurses United ,Houlton Regional Hospital,2013-08-15,2013-08-15,https://olmsapps.dol.gov/query/orgReport.do?rptId=&rptForm=&fileNum=540479
5678,1,80,NY,Devereux Staff Association 13-305,Devereux New York,2020-03-13,2020-03-13,https://olmsapps.dol.gov/query/orgReport.do?rptId=&rptForm=&fileNum=5678
4817,1,80,OH,"United Steel, Paper & Forestry, Rubber, Manufacturing, Energy, Allied Industrial & Service Workers International Union 244M",Owens Corning Corporation,2010-09-03,2010-09-03,https://olmsapps.dol.gov/query/orgReport.do?rptId=&rptForm=&fileNum=4817
41812,1,75,CA,IBT-315,Sara Lee,2010-07-28,2010-07-28,https://olmsapps.dol.gov/query/orgReport.do?rptId=&rptForm=&fileNum=41812
19359,4,70,MN,International Union of Painters & Allied Trades DC82 | IUPAT District Council 82-106 | IUPAT District Council 82 106 | PAT-884,"Const Cos - Drywall | Davis Drywall | Fransen Decorating, Inc. | Young & Davis Drywall Inc.",2011-03-23,2012-07-03,https://olmsapps.dol.gov/query/orgReport.do?rptId=&rptForm=&fileNum=19359
32456,1,66,OH,International Chemical Workers Union Council/United Food & Commercial Workers Local207c,Cargill Salt,2013-11-01,2013-11-01,https://olmsapps.dol.gov/query/orgReport.do?rptId=&rptForm=&fileNum=32456
529073,1,62,ME,Maine State Nurses Association  ,Mt. Desert Island Hospital,2014-02-04,2014-02-04,https://olmsapps.dol.gov/query/orgReport.do?rptId=&rptForm=&fileNum=529073
12262,2,60,FL,Dale Ewart 1199,Hialeah Shores Nursing and Rehabilitation | Miami Shores Nursing and Rehabilitation,2021-11-01,2021-11-01,https://olmsapps.dol.gov/query/orgReport.do?rptId=&rptForm=&fileNum=12262
56274,1,60,IN,UFCW-15C,Altec LLC,2010-02-25,2010-02-25,https://olmsapps.dol.gov/query/orgReport.do?rptId=&rptForm=&fileNum=56274
45777,1,58,NY,United Steelworkers 00080B**,"Owl Wire and Cable, LLC",2012-12-11,2012-12-11,https://olmsapps.dol.gov/query/orgReport.do?rptId=&rptForm=&fileNum=45777
5941,3,57,"MI, OH",RWDSU-1064 | SEIU 1,Aramark | AVI Foodsystems@ Medical Mutual 3737 W. Sylvania ave Toledo OH 43623,2010-01-18,2016-12-05,https://olmsapps.dol.gov/query/orgReport.do?rptId=&rptForm=&fileNum=5941
68818,1,56,IN,USW-7875 ,ER Wagner Manufacturing,2010-09-27,2010-09-27,https://olmsapps.dol.gov/query/orgReport.do?rptId=&rptForm=&fileNum=68818
530866,1,56,ME,MESNA NNOC/NNU-5050,Home Health Visiting Nurses of Southern Maine,2012-06-29,2012-06-29,https://olmsapps.dol.gov/query/orgReport.do?rptId=&rptForm=&fileNum=530866
46748,1,55,IN,"United Steel, Paper & Forestry, Rubber, Manufacturing, Energy, Allied Industrial & Service Workers International Union District 11 AFL-CIO 37M",Packaging Corporation of America,2011-09-23,2011-09-23,https://olmsapps.dol.gov/query/orgReport.do?rptId=&rptForm=&fileNum=46748
67593,2,54,OH,GCC/IBT-270-M | GCC/IBT 2/289-M,Ennis-Leipsic | Ennis Business Forms,2011-09-01,2013-03-01,https://olmsapps.dol.gov/query/orgReport.do?rptId=&rptForm=&fileNum=67593
541645,8,50,"IL, IN, MI, NY",IATSE-836 | IATSE 99 | IBT-631 | International Alliance of Theatrical Stage Employees ,"Aays Convention Services | Eiteljorg Museum | Hamilton Exhibits, LLC | National Convention Service | Source Group | Three-Sixty Group | Valley Expo & Displays | Xperience Communications, LLC",2011-06-14,2011-06-24,https://olmsapps.dol.gov/query/orgReport.do?rptId=&rptForm=&fileNum=541645
540431,1,50,MN,American Federation State County Municipal Employees 105,South Shore Care Center / Crossroads Care Center,2023-07-03,2023-07-03,https://olmsapps.dol.gov/query/orgReport.do?rptId=&rptForm=&fileNum=540431
25597,1,50,MA,"International Brotherhood of Boilermakers, Iron Ship Builders, Blacksmiths, Forgers & Helpers 5-Zone 7",Northeastern States Boilermaker Employers,2024-10-09,2024-10-09,https://olmsapps.dol.gov/query/orgReport.do?rptId=&rptForm=&fileNum=25597
1987,1,50,OH,UNITED STEELWORKERS INTERNATIONAL UNION 689,FLUOR BWXT - PORTSMOUTH,2023-01-18,2023-01-18,https://olmsapps.dol.gov/query/orgReport.do?rptId=&rptForm=&fileNum=1987
22733,1,50,PA,Pennsylvania Social Services Union/Service Employees International Union 668,SEIU Local 668,2024-07-30,2024-07-30,https://olmsapps.dol.gov/query/orgReport.do?rptId=&rptForm=&fileNum=22733
529134,1,50,ME,California Nurses Association/National Nurses Organizing Committee ,Calais Regional Hospital,2018-07-19,2018-07-19,https://olmsapps.dol.gov/query/orgReport.do?rptId=&rptForm=&fileNum=529134
68584,1,50,IL,"United Steel, Paper & Forestry, Rubber, Manufacturing, Energy, Allied Industrial & Service Workers International Union 7-876",Archer Daniels Midland Company,2011-06-07,2011-06-07,https://olmsapps.dol.gov/query/orgReport.do?rptId=&rptForm=&fileNum=68584
25702,1,48,PA,GCC/IBT DC 9-594-S,Standard Register Co,2014-02-27,2014-02-27,https://olmsapps.dol.gov/query/orgReport.do?rptId=&rptForm=&fileNum=25702
45644,2,47,MI,GCC/IBT 550-M | PPPWU District Council 3 25-M,"Dickinson Press, Inc. | Lawson Printer, Inc.",2018-05-10,2019-01-02,https://olmsapps.dol.gov/query/orgReport.do?rptId=&rptForm=&fileNum=45644
531793,1,47,MI,IAMAW Local W283,Horner Flooring Company,2011-06-20,2011-06-20,https://olmsapps.dol.gov/query/orgReport.do?rptId=&rptForm=&fileNum=531793
526761,1,45,CA,Robert Pagnotta 33,Forum Entertainment Inc.,2021-04-27,2021-04-27,https://olmsapps.dol.gov/query/orgReport.do?rptId=&rptForm=&fileNum=526761
22212,1,42,,IAM-1228,Dietrich Industries Inc,2010-01-05,2010-01-05,https://olmsapps.dol.gov/query/orgReport.do?rptId=&rptForm=&fileNum=22212
47007,1,40,MN,RWDSU/UFCW-100,Macys Department Store ,2012-02-06,2012-02-06,https://olmsapps.dol.gov/query/orgReport.do?rptId=&rptForm=&fileNum=47007
29967,1,38,TN,USW 14440-01,"General Shale Brick, Inc.",2010-08-12,2010-08-12,https://olmsapps.dol.gov/query/orgReport.do?rptId=&rptForm=&fileNum=29967
30071,3,36,OH,UFCW-1099 | UFCW-75,Gino Morena Enterprises( Barber Shop) | Hook-SuperX Inc. d/b/a CVS Pharmacy | Huss Electric,2010-01-18,2010-01-18,https://olmsapps.dol.gov/query/orgReport.do?rptId=&rptForm=&fileNum=30071
512458,1,36,IL,Chocolate Workers-464,ADM Milling Co a Div of Archer Daniels Midland Company,2010-02-05,2010-02-05,https://olmsapps.dol.gov/query/orgReport.do?rptId=&rptForm=&fileNum=512458
69871,2,35,"NJ, PA",International Brotherhood of Teamsters 449 | SEIU-74,"Avis Rent A Car System, Inc. | CMS Mid Atlantic, Inc.",2010-01-18,2012-06-20,https://olmsapps.dol.gov/query/orgReport.do?rptId=&rptForm=&fileNum=69871
24058,1,35,NJ,UAW-153,L-3 Space & Navigation,2011-01-05,2011-01-05,https://olmsapps.dol.gov/query/orgReport.do?rptId=&rptForm=&fileNum=24058
4744,5,35,"NY, WI",International Association of Machinists & Aerospace Workers District 10/Local Lodge 66 | IUJAT-2,1775 Housing Associates L.P. | DiMaggio Realty Corporation | EC Styberg Engineering | M.S. Housing Associates L.P. | Triangle Housing Associates L.P.,2010-01-18,2023-10-12,https://olmsapps.dol.gov/query/orgReport.do?rptId=&rptForm=&fileNum=4744
58564,1,35,VA,UMWA-20,AFS of Lebanon Inc d/b/a Maple Grove Rehabilitation and health Care Center,2010-01-18,2010-01-18,https://olmsapps.dol.gov/query/orgReport.do?rptId=&rptForm=&fileNum=58564
504860,1,35,IN,GCC/IBT-761-S,"Printpack, Inc.",2012-04-05,2012-04-05,https://olmsapps.dol.gov/query/orgReport.do?rptId=&rptForm=&fileNum=504860
13244,1,34,NJ,"United Electrical, Radio & Machine Workers of America 155",Stepan Company,2014-08-29,2014-08-29,https://olmsapps.dol.gov/query/orgReport.do?rptId=&rptForm=&fileNum=13244
6745,1,33,AL,BRCD/TCU-IAM-320,United Industries,2013-09-11,2013-09-11,https://olmsapps.dol.gov/query/orgReport.do?rptId=&rptForm=&fileNum=6745
526714,1,32,CA,National Association of Broadcast Employees Technicians-CWA Local 054,Big Ten Network LLC,2019-09-20,2019-09-20,https://olmsapps.dol.gov/query/orgReport.do?rptId=&rptForm=&fileNum=526714
543430,2,30,NV,Laborers-702 | LIUNA-702,Post Tension of Nevada | Six Star Cleaning & Services,2010-01-18,2010-05-04,https://olmsapps.dol.gov/query/orgReport.do?rptId=&rptForm=&fileNum=543430
68689,1,30,GA,"International Brotherhood of Boilermakers, Iron Ship Builders, Blacksmiths, Forgers & Helpers 752 Ridgeway Dr.","Imerys, KY-TN Clay Division",2025-12-01,2025-12-01,https://olmsapps.dol.gov/query/orgReport.do?rptId=&rptForm=&fileNum=68689
60812,1,29,MA,IUE CWA-81332,A.F.A Protective System Inc.,2010-06-01,2010-06-01,https://olmsapps.dol.gov/query/orgReport.do?rptId=&rptForm=&fileNum=60812
12790,2,29,"NH, VT","United Steel, Paper & Forestry, Rubber, Manufacturing, Energy, Allied Industrial & Service Workers International Union 00004-81 | United Steelworkers 4-53","Rock of Ages, Corp, Swenson Granite | Swenson Granite, LLC",2020-02-21,2023-02-14,https://olmsapps.dol.gov/query/orgReport.do?rptId=&rptForm=&fileNum=12790
23849,1,27,WI,Teamsters Union 695 / 120,"Lycon, Inc.",2010-01-19,2010-01-19,https://olmsapps.dol.gov/query/orgReport.do?rptId=&rptForm=&fileNum=23849
44030,1,26,MA,USW Local 2936-62,BNZ Materials Inc.,2011-12-22,2011-12-22,https://olmsapps.dol.gov/query/orgReport.do?rptId=&rptForm=&fileNum=44030
22708,1,25,CA,IBT-78,Park N Fly Inc,2010-01-18,2010-01-18,https://olmsapps.dol.gov/query/orgReport.do?rptId=&rptForm=&fileNum=22708
501403,1,25,AK,AFGE-1949,U.S. Department of the Army-Fort Greely Alaska,2010-01-18,2010-01-18,https://olmsapps.dol.gov/query/orgReport.do?rptId=&rptForm=&fileNum=501403
38293,1,23,PA,IAMAW-1430,"Modern Equipment Company, Inc.",2011-11-29,2011-11-29,https://olmsapps.dol.gov/query/orgReport.do?rptId=&rptForm=&fileNum=38293
517354,1,22,AR,AFSCME-966,Waste Management ,2010-01-18,2010-01-18,https://olmsapps.dol.gov/query/orgReport.do?rptId=&rptForm=&fileNum=517354
3863,2,22,MO,"Brotherhood of Boilermakers, Iron Ship Bldrs-83 | International Union of Operating Engineers AFL-CIO 101","Conco Quarries Inc Galloway | CONCO QUARRIES, INC",2011-05-02,2014-04-08,https://olmsapps.dol.gov/query/orgReport.do?rptId=&rptForm=&fileNum=3863
15720,1,21,OR,Communications Workers of America 7906,"Standard Utilities Contractors, Inc.",2019-01-07,2019-01-07,https://olmsapps.dol.gov/query/orgReport.do?rptId=&rptForm=&fileNum=15720
30307,3,21,CA,IBT-578 | IUPAT-DC 36,EM Jorgensen (Warehouse & Flatrolled) | Pervo Paint Company | Tyler Pipe Company,2010-01-18,2010-01-18,https://olmsapps.dol.gov/query/orgReport.do?rptId=&rptForm=&fileNum=30307
1095,1,20,OR,International Union Of Operating Engineers 701,Portland Hospital Services Corp,2023-10-13,2023-10-13,https://olmsapps.dol.gov/query/orgReport.do?rptId=&rptForm=&fileNum=1095
39597,1,20,VA,"International Union Security, Police, Fire Professionals of America 10",Sectek Security,2023-07-13,2023-07-13,https://olmsapps.dol.gov/query/orgReport.do?rptId=&rptForm=&fileNum=39597
52892,1,20,ME,USW-4-37 4-152,Katahdin Paper Company LLC,2010-02-18,2010-02-18,https://olmsapps.dol.gov/query/orgReport.do?rptId=&rptForm=&fileNum=52892
54034,1,20,ME,USW-4-37 4-152,Katahdin Paper Company LLC,2010-02-18,2010-02-18,https://olmsapps.dol.gov/query/orgReport.do?rptId=&rptForm=&fileNum=54034
12188,1,20,MI,IBT-339,SPE Utility Contractors LLC,2010-01-18,2010-01-18,https://olmsapps.dol.gov/query/orgReport.do?rptId=&rptForm=&fileNum=12188
56459,1,20,OH,Ohio Association of Public School Employees /AFSCME Local 4/AFL-CIO 358,Starlight Enterprises Inc.,2023-01-13,2023-01-13,https://olmsapps.dol.gov/query/orgReport.do?rptId=&rptForm=&fileNum=56459
6167,1,20,MO,IBEW 1464,"Sac Osage Electric Cooperative, Inc",2010-01-18,2010-01-18,https://olmsapps.dol.gov/query/orgReport.do?rptId=&rptForm=&fileNum=6167
519236,1,20,VA,IAMAW 1784,"OX Paperboard, LLC",2012-03-22,2012-03-22,https://olmsapps.dol.gov/query/orgReport.do?rptId=&rptForm=&fileNum=519236
512976,1,18,NY,UAW Local 2179,"Polytex Environmental Inks, Ltd.",2013-02-15,2013-02-15,https://olmsapps.dol.gov/query/orgReport.do?rptId=&rptForm=&fileNum=512976
13080,1,18,TN,Carpenters Industrial Council-2509,Gates Lumber,2010-05-07,2010-05-07,https://olmsapps.dol.gov/query/orgReport.do?rptId=&rptForm=&fileNum=13080
9058,1,16,MO,IBEW-695,Aquila dba St. Joseph Light and Power ,2010-01-18,2010-01-18,https://olmsapps.dol.gov/query/orgReport.do?rptId=&rptForm=&fileNum=9058
45773,1,16,CT,"Glass, Molders, Pottery, Plastics & Allied Workers International Union 39B","BURNDY, LLC",2017-12-20,2017-12-20,https://olmsapps.dol.gov/query/orgReport.do?rptId=&rptForm=&fileNum=45773
507320,1,16,OH,USW Local 8410,First Student (Bus Drivers at Bridgeport Schools) a division of FirstGroup America Inc.,2018-09-12,2018-09-12,https://olmsapps.dol.gov/query/orgReport.do?rptId=&rptForm=&fileNum=507320
540198,1,16,SD,United Steelworkers 11-1457-01,Brule County,2011-01-18,2011-01-18,https://olmsapps.dol.gov/query/orgReport.do?rptId=&rptForm=&fileNum=540198
47933,2,15,KS,United Security Professionals of America-07,PBP Management Group Inc. | Vend-Tech Enterprise LLC,2017-09-15,2017-09-15,https://olmsapps.dol.gov/query/orgReport.do?rptId=&rptForm=&fileNum=47933
55925,1,15,MI,SEIU 1,Aramark,2021-06-11,2021-06-11,https://olmsapps.dol.gov/query/orgReport.do?rptId=&rptForm=&fileNum=55925
66644,1,13,CA,IBT-206,Unified Grocers Inc,2011-07-18,2011-07-18,https://olmsapps.dol.gov/query/orgReport.do?rptId=&rptForm=&fileNum=66644
8807,1,11,MO,Chantel Mendenhall 218,MFA Incorporated,2012-05-29,2012-05-29,https://olmsapps.dol.gov/query/orgReport.do?rptId=&rptForm=&fileNum=8807
44653,2,10,WA,IAMAW-239 ,I.R.I Inc | Skagit Transit,2010-11-02,2013-09-12,https://olmsapps.dol.gov/query/orgReport.do?rptId=&rptForm=&fileNum=44653
22480,1,10,RI,LIUNA-15,Westerly Ambulance Corporations Inc.,2010-01-18,2010-01-18,https://olmsapps.dol.gov/query/orgReport.do?rptId=&rptForm=&fileNum=22480
526764,1,9,MI,IBT-372,Macomb Daily/Daily Tribune,2011-04-26,2011-04-26,https://olmsapps.dol.gov/query/orgReport.do?rptId=&rptForm=&fileNum=526764
21269,2,9,CA,International Brotherhood of Teamsters 431 | International Brotherhood of Teamsters Teamsters Local 42,"A. TEICHERT & SON, INC. | Granite Construction",2010-08-09,2014-07-02,https://olmsapps.dol.gov/query/orgReport.do?rptId=&rptForm=&fileNum=21269
540331,1,8,NM,United Security Professionals of America-09,ADC Ltd. NM,2014-07-07,2014-07-07,https://olmsapps.dol.gov/query/orgReport.do?rptId=&rptForm=&fileNum=540331
16395,1,8,CT,Connecticut Health Care Associates 75,Milford Hospital,2019-02-28,2019-02-28,https://olmsapps.dol.gov/query/orgReport.do?rptId=&rptForm=&fileNum=16395
4870,1,8,NY,Teamstrs 64,Grenadier Realty Corp.Agent for/Boyd-Fairview Assc,2019-07-23,2019-07-23,https://olmsapps.dol.gov/query/orgReport.do?rptId=&rptForm=&fileNum=4870
538060,2,8,TN,"IAMAW-2805 | United Steel, Paper & Forestry, Rubber, Manufacturing, Energy, Allied Industrial & Service Workers International Union 03115",Mueller Company | Mueller Waterworks Pattern Makers,2010-08-11,2019-10-22,https://olmsapps.dol.gov/query/orgReport.do?rptId=&rptForm=&fileNum=538060
1458,1,7,NY,Teamsters Local Union No 560 ,Signature Flight Support,2010-01-18,2010-01-18,https://olmsapps.dol.gov/query/orgReport.do?rptId=&rptForm=&fileNum=1458
526803,1,6,ME,MESNA/NNU-911,Bangor Area Visiting Nurses,2014-04-04,2014-04-04,https://olmsapps.dol.gov/query/orgReport.do?rptId=&rptForm=&fileNum=526803
69903,1,5,IL,American Federation of Labor & Congress of Industrial Organizations ,WHEATON CARE CENTER,2010-01-18,2010-01-18,https://olmsapps.dol.gov/query/orgReport.do?rptId=&rptForm=&fileNum=69903
11056,1,5,VA,"Glass, Molders, Pottery, Plastics & Allied Workers-296","Hanson Pipe & Precast, LLC. (Southside Plant)",2011-10-28,2011-10-28,https://olmsapps.dol.gov/query/orgReport.do?rptId=&rptForm=&fileNum=11056
49498,1,5,NJ,UFCW-815,SC & BP Services,2010-01-18,2010-01-18,https://olmsapps.dol.gov/query/orgReport.do?rptId=&rptForm=&fileNum=49498
540184,1,4,OH,UFCW-911,Rite Aid of Ohio Inc.,2010-01-18,2010-01-18,https://olmsapps.dol.gov/query/orgReport.do?rptId=&rptForm=&fileNum=540184
4856,2,4,NJ,Local 195T UFCW/ICWUC  | UFCW-ICWU 195T,Ace bag and burlap co | Independence Plating  ,2020-03-16,2020-03-16,https://olmsapps.dol.gov/query/orgReport.do?rptId=&rptForm=&fileNum=4856
526757,2,4,NY,"NABET-CWA, AFL-CIO-51024 | National Association Of Broadcast Employees & Technicians-Communication Workers Of America 51024","Community Broadcasting - WMSA Radio | Gray Media Group, Inc. d/b/a WWNY-TV/WNYF-TV",2010-03-12,2021-03-03,https://olmsapps.dol.gov/query/orgReport.do?rptId=&rptForm=&fileNum=526757
37652,1,3,WI,Operating Plasterers & Cement Masons International Association Local 599,Middleton Construction,2014-03-20,2014-03-20,https://olmsapps.dol.gov/query/orgReport.do?rptId=&rptForm=&fileNum=37652
11760,1,3,MI,IBT-486,Hotflame Gas Company,2010-01-18,2010-01-18,https://olmsapps.dol.gov/query/orgReport.do?rptId=&rptForm=&fileNum=11760
29857,1,3,IA,International Brotherhood of Teamsters 120,Airgas North Central,2012-02-21,2012-02-21,https://olmsapps.dol.gov/query/orgReport.do?rptId=&rptForm=&fileNum=29857
12469,1,3,CA,Printing Packaging and Production Works Union of North America 388M,Firefighters Print & Design,2012-12-19,2012-12-19,https://olmsapps.dol.gov/query/orgReport.do?rptId=&rptForm=&fileNum=12469
69154,1,2,GA,GMP-377,Crane Plumbing LLC,2010-09-27,2010-09-27,https://olmsapps.dol.gov/query/orgReport.do?rptId=&rptForm=&fileNum=69154
19488,3,2,IL,"Plumbers, Pipefitters & Service Technicians-422","John's Boys Plumbing, Inc | Robert Egan Plumbing | SRH Plumbing, Inc",2011-03-16,2011-04-20,https://olmsapps.dol.gov/query/orgReport.do?rptId=&rptForm=&fileNum=19488
28051,1,2,NY,UAW-660,Bronx Seaview LLC,2010-01-18,2010-01-18,https://olmsapps.dol.gov/query/orgReport.do?rptId=&rptForm=&fileNum=28051
40097,1,1,CA,IBT-228,Cornell Corrections,2010-01-18,2010-01-18,https://olmsapps.dol.gov/query/orgReport.do?rptId=&rptForm=&fileNum=40097
15018,1,1,NY,LIUNA-7,AGC of Central NY Region - L R Division,2010-01-27,2010-01-27,https://olmsapps.dol.gov/query/orgReport.do?rptId=&rptForm=&fileNum=15018
11101,1,1,OH,CWA-63 14535,Bennett Smith,2010-01-18,2010-01-18,https://olmsapps.dol.gov/query/orgReport.do?rptId=&rptForm=&fileNum=11101
43163,1,1,NM,NFFE/IAMAW/AFL-CIO-1650,Department of Agriculture-U.S. Forest Service,2010-04-13,2010-04-13,https://olmsapps.dol.gov/query/orgReport.do?rptId=&rptForm=&fileNum=43163
35653,1,0,PA,IBT-693,Joseph B. Fay Company,2013-02-22,2013-02-22,https://olmsapps.dol.gov/query/orgReport.do?rptId=&rptForm=&fileNum=35653
31446,1,0,PA,IBT-693,Joseph B. Fay Company,2013-02-04,2013-02-04,https://olmsapps.dol.gov/query/orgReport.do?rptId=&rptForm=&fileNum=31446
11590,1,0,IL,OPCM-502,Molter Corporation,2013-03-27,2013-03-27,https://olmsapps.dol.gov/query/orgReport.do?rptId=&rptForm=&fileNum=11590
58575,1,0,MT,UMWA-22,Big Sky Coal Company,2013-07-22,2013-07-22,https://olmsapps.dol.gov/query/orgReport.do?rptId=&rptForm=&fileNum=58575
